root,relative_path,sha256,bytes,mtime_utc
/mnt/nvme01/cosmos-web-dr1-catalog,COSMOSWeb-LePhare-PDFz_v1.1.pkl,b49e9f30463b9d844d8c02a10bab15ed09dcc0f0b272b05cdde41a4ce28d4cb3,28316699572,2026-08-15T09:27:11+00:00
/mnt/nvme01/cosmos-web-dr1-catalog,COSMOSWeb-LePhare-SEDs_v1.1.h5,8eacb8a35bb94ffff4addcb231399e114c62a48d2bfbb7f1e5c1dfec38128777,24371069581,2026-08-15T07:55:17+00:00
/mnt/nvme01/cosmos-web-dr1-catalog,COSMOSWeb_mastercatalog_v1.1.fits,92bd5904677360f0bc9d26db3ac5f606f4c49ec64544eea1eb980220d744e712,10282628160,2026-08-15T02:20:09+00:00
/mnt/nvme01/cosmos-web-dr1-catalog,COSMOSWeb_mastercatalog_v1.1_bulgedisk.fits,786da57b506920db5403b559ad4acd8b3ad374f78109281f13cffad6924225cf,2891531520,2026-08-15T02:31:19+00:00
/mnt/nvme01/cosmos-web-dr1-catalog,COSMOSWeb_mastercatalog_v1.1_cigale.fits,018f9de6e6d089f11db40f3c0a8af8e25ae14a703b76d0f22f97a469b68d58f3,351256320,2026-08-15T02:28:52+00:00
/mnt/nvme01/cosmos-web-dr1-catalog,COSMOSWeb_mastercatalog_v1.1_galight_morph.fits,19007dae6114900aa483d53adf8c697ea87a5d2769704cfa07d5fa1a3925e327,1279552320,2026-08-15T02:29:50+00:00
/mnt/nvme01/cosmos-web-dr1-catalog,COSMOSWeb_mastercatalog_v1.1_lephare.fits,b46b0003ad0cfeef7710758d402f8b4883537b341a36223909e25e82901721ed,269714880,2026-08-15T02:29:05+00:00
/mnt/nvme01/cosmos-web-dr1-catalog,COSMOSWeb_mastercatalog_v1.1_ml_morph.fits,42a93b037ce0f507478749c5dba5376c87dc42ae3601b638c34e64a499d3ce66,940849920,2026-08-15T02:29:28+00:00
/mnt/nvme01/cosmos-web-dr1-catalog,COSMOSWeb_mastercatalog_v1.1_photom_primary.fits,878c318e22780b73742940c7b8807f2bbbe210ead51472706bbe0f43923e618f,2229010560,2026-08-15T04:27:54+00:00
/mnt/nvme01/cosmos-web-dr1-catalog,COSMOSWeb_mastercatalog_v1.1_photom_secondary.fits,2c5326cb878c85cdf85c9e90e8bf69f4a38720187ddd8e6e4b3d210a7cd21951,2320729920,2026-08-15T02:30:31+00:00
/mnt/nvme01/cosmos-web-dr1-catalog,agngal_desi.fits,bf0b8da6e23915db6fa4fa35d2da19c15bd46ba20e6bb69172b133596b2bc2ad,8727897600,2026-08-15T07:50:50+00:00
/mnt/nvme01/cosmos-web-dr1-catalog,cosmos2020_starmask_hsc.reg,1cc701e616159c9448852e688c06efbf11af57289ca54eab062d2fc2eed56267,4337004,2026-08-15T00:29:36+00:00
/mnt/nvme01/cosmos-web-dr1-catalog,cosmos_web_starmask_jwst_A1.fits,2605ad8d16c2c95724c6828c535d75756af1869da5eeb33f02348396073ed9a5,478278720,2025-11-19T15:49:50+00:00
/mnt/nvme01/cosmos-web-dr1-catalog,cosmos_web_starmask_jwst_A10.fits,bb0a3cb65e62a74d49d1e9d9d64c830018c834f6d8ce9451703728b1d310ec61,478278720,2025-11-19T15:50:14+00:00
/mnt/nvme01/cosmos-web-dr1-catalog,cosmos_web_starmask_jwst_A2.fits,5b2af73346af7cb388ba73dde32e2369483f6e21d118875ffb399709afbe21e4,478278720,2025-11-19T15:49:52+00:00
/mnt/nvme01/cosmos-web-dr1-catalog,cosmos_web_starmask_jwst_A3.fits,b51055166145d2947ae0b36ff5e96ccd8f2fe7a8f0b4dad11bc3e84a4661117e,478278720,2025-11-19T15:49:55+00:00
/mnt/nvme01/cosmos-web-dr1-catalog,cosmos_web_starmask_jwst_A4.fits,01c22fa04bafb9e64e0502abc87364ed22a6c758b8486dc5e3f850b8a8688440,478278720,2025-11-19T15:49:58+00:00
/mnt/nvme01/cosmos-web-dr1-catalog,cosmos_web_starmask_jwst_A5.fits,ba436a12d9fa4bcf3c5550558805c7cfff7fb3cbeaea9e17e1ea8b7f580ce173,478278720,2025-11-19T15:50:01+00:00
/mnt/nvme01/cosmos-web-dr1-catalog,cosmos_web_starmask_jwst_A6.fits,2c8c3b2b87747597d1e52a44e0441733700b31ffa32350ba6e1ba51c0fe08663,478278720,2025-11-19T15:50:03+00:00
/mnt/nvme01/cosmos-web-dr1-catalog,cosmos_web_starmask_jwst_A7.fits,275cdc234a29a2f02d90cc3b4a74376b546fda011c590b4e8d350d56330ecfcf,478278720,2025-11-19T15:50:06+00:00
/mnt/nvme01/cosmos-web-dr1-catalog,cosmos_web_starmask_jwst_A8.fits,7bcbba4426d58495d635e193c87df68abb8ecbc466f083579406a44b3c4be2ff,478278720,2025-11-19T15:50:09+00:00
/mnt/nvme01/cosmos-web-dr1-catalog,cosmos_web_starmask_jwst_A9.fits,40446938898ea55b39c974246baf8989b7754c4529c7485067216a206682a130,478278720,2025-11-19T15:50:11+00:00
/mnt/nvme01/cosmos-web-dr1-catalog,cosmos_web_starmask_jwst_B1.fits,517bbc03c5631176bf6ee1df04bc6eed575fab2cba624c43d1b8b11804178f5a,478278720,2025-11-19T15:50:16+00:00
/mnt/nvme01/cosmos-web-dr1-catalog,cosmos_web_starmask_jwst_B10.fits,9258f02c611c3e54981a31ea25631a9c48998b7a4e9a6f6d47810ed7c4b7c6af,478278720,2025-11-19T15:50:42+00:00
/mnt/nvme01/cosmos-web-dr1-catalog,cosmos_web_starmask_jwst_B2.fits,80aaa90b1d6dd022fec7e9afeeb16166a4b18595dac04ccde1d48edfe0145b8b,478278720,2025-11-19T15:50:19+00:00
/mnt/nvme01/cosmos-web-dr1-catalog,cosmos_web_starmask_jwst_B3.fits,5fd360fbc7b6dc9442b35e6ef0f1a09627aa0a6fae650907fb88abbb48668888,478278720,2025-11-19T15:50:22+00:00
/mnt/nvme01/cosmos-web-dr1-catalog,cosmos_web_starmask_jwst_B4.fits,c3dd09e75232724dcb90c0f0808ed0d0b0ec60dc75039ee892bcaafa1da70008,478278720,2025-11-19T15:50:26+00:00
/mnt/nvme01/cosmos-web-dr1-catalog,cosmos_web_starmask_jwst_B5.fits,7c42140cf0f0f19b7c615c955d335afcd44ee676c408b3320d9410217dbc1d50,478278720,2025-11-19T15:50:29+00:00
/mnt/nvme01/cosmos-web-dr1-catalog,cosmos_web_starmask_jwst_B6.fits,24a8fe88f66b7d610dcfb087e23202cf1f13c7eac93459423dc80127435cb385,478278720,2025-11-19T15:50:32+00:00
/mnt/nvme01/cosmos-web-dr1-catalog,cosmos_web_starmask_jwst_B7.fits,7475739d171b00ccbef171c8ebd1c16d12fc96e0697ccf0fe2009543804f9091,478278720,2025-11-19T15:50:34+00:00
/mnt/nvme01/cosmos-web-dr1-catalog,cosmos_web_starmask_jwst_B8.fits,761dfef23cd888bdd6634dc675268de0abc386386c6a889b710a12e6c5ccd3c0,478278720,2025-11-19T15:50:37+00:00
/mnt/nvme01/cosmos-web-dr1-catalog,cosmos_web_starmask_jwst_B9.fits,dac07841d0755862a10ecad8919a62e859434b02c7672833fe7228cb0c8672dd,478278720,2025-11-19T15:50:40+00:00
/mnt/nvme01/cosmos-web-dr1-catalog,cosmosweb-dr1-detailed-column-descriptions.txt,3e7dde1db9d541ce8593b12cbf0690130422e746ce7db78cc238f27ed724366b,92994,2026-08-15T04:28:10+00:00
/mnt/nvme01/cosmos-web-dr1-catalog,cosmosweb-dr1-flag-construction-math.png,8ebae8c97ac58121e1459fce683c8b321e3ca881304f9a206ade0ff71586d799,286508,2026-08-15T04:28:11+00:00
/mnt/nvme01/cosmos-web-dr1-catalog,cosmosweb-dr1-flowchart.png,efd9faad8837f199a2529ba017d973157fe774ba67be139a3a694e80d5e8c7f6,713186,2026-08-15T04:28:11+00:00
/mnt/nvme01/cosmos-web-dr1-catalog,arXiv-2506.03243v1/00README.json,8c128959ddf0035311f5ec900225433da74c8d573e0e8acf8f329437f74d3c4a,338,2026-08-15T08:00:38+00:00
/mnt/nvme01/cosmos-web-dr1-catalog,arXiv-2506.03243v1/aa.bst,7be30a1f0cda29f0c150101e52968723bd0e0ad2785213e3e15d08f25203eec9,32103,2026-08-15T08:00:38+00:00
/mnt/nvme01/cosmos-web-dr1-catalog,arXiv-2506.03243v1/aa.cls,bf4fb43f1a4f1bce3f32c533fcf28caad642cdc5b8e7a1f97fc24d8a03bb1eb3,63433,2026-08-15T08:00:38+00:00
/mnt/nvme01/cosmos-web-dr1-catalog,arXiv-2506.03243v1/aanda.bbl,f27c6ef91b45240323f87a67b29944d2b92c9ad5fcc170b4a2075adaa3218dc4,76759,2026-08-15T08:00:38+00:00
/mnt/nvme01/cosmos-web-dr1-catalog,arXiv-2506.03243v1/aanda.tex,74b3cfe3d9689b4165773651b22dbc1e8bd0280db07b0472f038f2da47f358db,147701,2026-08-15T08:00:38+00:00
/mnt/nvme01/cosmos-web-dr1-catalog,arXiv-2506.03243v1/euclid.sty,daf83f8d6365c8240ef6d4f9858162d8815f81168a90dce4997b00a03d2739ac,8159,2026-08-15T08:00:38+00:00
/mnt/nvme01/cosmos-web-dr1-catalog,arXiv-2506.03243v1/library.bib,2ad212a721e5532cf6033ef40210504877903575d5687408d8b3103eae5e2502,993504,2026-08-15T08:00:37+00:00
/mnt/nvme01/cosmos-web-dr1-catalog,arXiv-2506.03243v1/linenoaa.sty,ea406b40b5c3f117db8c621a1e303fb3851762f4dfc2be5aea26138d175b769a,4255,2026-08-15T08:00:37+00:00
/mnt/nvme01/cosmos-web-dr1-catalog,arXiv-2506.03243v1/figures/Color-Compar-C20F.pdf,4ef2f0695e4d9340d40377171bc7afc17134ca8d3fd5306d425bc8c7de68dbe8,1296345,2026-08-15T08:00:38+00:00
/mnt/nvme01/cosmos-web-dr1-catalog,arXiv-2506.03243v1/figures/DetectionSegmentation_example2.pdf,72b0baf49857d9994b4479eab19be6a27fc7262b4d5eb1032181195f6c441d59,826830,2026-08-15T08:00:38+00:00
/mnt/nvme01/cosmos-web-dr1-catalog,arXiv-2506.03243v1/figures/LePhare-mag-offsets.pdf,a8ebd900d41dd147d74c6ed8229e6e0f67aaf5f43d16e88cf17d1617568d6656,142780,2026-08-15T08:00:38+00:00
/mnt/nvme01/cosmos-web-dr1-catalog,arXiv-2506.03243v1/figures/Mag-Compar-C20F.pdf,ed85f984f27ed1fab4c43aed2cce83aa791d3bf0ee410bb720d242ecc6635785,3720946,2026-08-15T08:00:38+00:00
/mnt/nvme01/cosmos-web-dr1-catalog,arXiv-2506.03243v1/figures/Mag-Compar_SEpp-hotcold.pdf,76ef15445616a32054b6eb6d0bfcaa8ffe02556e27f0d1cf0271390e32ca23ee,1419416,2026-08-15T08:00:38+00:00
/mnt/nvme01/cosmos-web-dr1-catalog,arXiv-2506.03243v1/figures/Morpho-demonstration.pdf,6c9701f6597e5110273c15b1ab3d810555470b313dbce7c5d7c6aca2210e796e,201500,2026-08-15T08:00:38+00:00
/mnt/nvme01/cosmos-web-dr1-catalog,arXiv-2506.03243v1/figures/Morphology_distributions-vs-ML_BD.pdf,f258d57a1da202bfe85bd458b2d67cdef202448f6f61d419908d6d070e0621fa,148404,2026-08-15T08:00:38+00:00
/mnt/nvme01/cosmos-web-dr1-catalog,arXiv-2506.03243v1/figures/Morphology_distributions-vs-ML_sersic.pdf,760ee2d60fe33318b3525565457b404d43b0de55f0526317ee31246694293117,149220,2026-08-15T08:00:38+00:00
/mnt/nvme01/cosmos-web-dr1-catalog,arXiv-2506.03243v1/figures/Morphology_distributions.pdf,334f5ab5960fc0bd7a6725b1af6a75cbbe68ab5906adc9c478fcc3e921541e0c,841768,2026-08-15T08:00:38+00:00
/mnt/nvme01/cosmos-web-dr1-catalog,arXiv-2506.03243v1/figures/PIT-statistic.pdf,1f01abb7973bc919bf7be9785489ff59f7b4b7bf99b7fb795a927a2f43d9bcd1,135529,2026-08-15T08:00:37+00:00
/mnt/nvme01/cosmos-web-dr1-catalog,arXiv-2506.03243v1/figures/Priors2.pdf,d6c58019f7898fa13b28443a2e8d1f46dad2b56e9d05aef2b46f617049f4ea79,178148,2026-08-15T08:00:37+00:00
/mnt/nvme01/cosmos-web-dr1-catalog,arXiv-2506.03243v1/figures/SE++example_2.pdf,f3cfc0e0ad0285a7e79788585d1d40158d2e3c4ec2772401697b0915c541bb21,4624145,2026-08-15T08:00:37+00:00
/mnt/nvme01/cosmos-web-dr1-catalog,arXiv-2506.03243v1/figures/chi2dist.pdf,ce4a0ddc9b63062797b434be43e244bea95937f6c59873e46c8f9a46db7ac7e6,971297,2026-08-15T08:00:38+00:00
/mnt/nvme01/cosmos-web-dr1-catalog,arXiv-2506.03243v1/figures/compcont_exposures.pdf,cdcda159f87b6547abdc72e0d3cc1fd2c2d7e4bb6c1e85ab1830cca01cc73b2f,43210,2026-08-15T08:00:38+00:00
/mnt/nvme01/cosmos-web-dr1-catalog,arXiv-2506.03243v1/figures/depth_of_bands.pdf,ae6b5ef4d0131dade2c49be08e1db53cd63912710cbd628e1924f256467b9caf,136013,2026-08-15T08:00:38+00:00
/mnt/nvme01/cosmos-web-dr1-catalog,arXiv-2506.03243v1/figures/flowchart3.pdf,07f340646cc5c37d67f8e9b9c56be7a234f726ba4481a8c7dc5bf484f5afb903,89155,2026-08-15T08:00:38+00:00
/mnt/nvme01/cosmos-web-dr1-catalog,arXiv-2506.03243v1/figures/hotcold_legend.pdf,f846a4be67e028bfc30d4b01613b3909aaea027f39ad65c82cbeabf28f990339,600870,2026-08-15T08:00:38+00:00
/mnt/nvme01/cosmos-web-dr1-catalog,arXiv-2506.03243v1/figures/mag_ncounts_ground.pdf,53272e26ee7a266710d2a84a3ca91e20af4d3e522f98834f58b1998fdbf98e92,295157,2026-08-15T08:00:38+00:00
/mnt/nvme01/cosmos-web-dr1-catalog,arXiv-2506.03243v1/figures/mag_ncounts_space.pdf,082e982864f0d362ce74a8a013c8dfca254f1bc3122602eae821771c250d6310,233552,2026-08-15T08:00:38+00:00
/mnt/nvme01/cosmos-web-dr1-catalog,arXiv-2506.03243v1/figures/ms_f115w_psfex.png,9ff6bd04104a827c4687aeb83e65e290ec0c4874f2a2221d64b795821bf69d49,75074,2026-08-15T08:00:38+00:00
/mnt/nvme01/cosmos-web-dr1-catalog,arXiv-2506.03243v1/figures/ms_f150w_psfex.png,842c429360b8549837beac225306ed49f1567a4b392a717cadb96880459d102c,74367,2026-08-15T08:00:38+00:00
/mnt/nvme01/cosmos-web-dr1-catalog,arXiv-2506.03243v1/figures/ms_f277w_psfex.png,b91053006f7f07595653e29be2a1f817999cf37c6e3831a39f35921916455f75,60855,2026-08-15T08:00:38+00:00
/mnt/nvme01/cosmos-web-dr1-catalog,arXiv-2506.03243v1/figures/ms_f444w_psfex.png,88154739ea054cc0c1e5f2386c0eb131e71693352bc234fdc99de44df2c5c50d,61706,2026-08-15T08:00:38+00:00
/mnt/nvme01/cosmos-web-dr1-catalog,arXiv-2506.03243v1/figures/nrk_cig.png,9ef61c414834d405dac9a93766902dbaa1f84d1bd1650fb01245afcd8ef92250,197858,2026-08-15T08:00:38+00:00
/mnt/nvme01/cosmos-web-dr1-catalog,arXiv-2506.03243v1/figures/photo-z-performance_cweb-vs-c20.pdf,201eec2e493747b8f2fb3dcf5644cdd7c5b1f4edbaffffbf17d71b36b9274599,102457,2026-08-15T08:00:38+00:00
/mnt/nvme01/cosmos-web-dr1-catalog,arXiv-2506.03243v1/figures/photo-z_stellar-mass.pdf,c50dfb4ecbaf8fbfe870aaf29bd998aa3d13b3c71390de63506ec281526164c4,145772,2026-08-15T08:00:38+00:00
/mnt/nvme01/cosmos-web-dr1-catalog,arXiv-2506.03243v1/figures/redshift_distributions.pdf,6897b4c2e6c6145479003bd6a6d8ab99bcb1684d5e337f4d649f6e43e132ef81,171710,2026-08-15T08:00:37+00:00
/mnt/nvme01/cosmos-web-dr1-catalog,arXiv-2506.03243v1/figures/sf-qs_sfhs.png,f2162b70bb4d4fb3a85ed9271715e765f85d588b8b223998822fd532be220951,227068,2026-08-15T08:00:37+00:00
/mnt/nvme01/cosmos-web-dr1-catalog,arXiv-2506.03243v1/figures/specz-vs-photz-COSMOS3D+DJA.pdf,fd6a9dd31dc04b0987d3c9586f3ef993c9a907f93967c605959cacef3f5f12d5,142490,2026-08-15T08:00:37+00:00
/mnt/nvme01/cosmos-web-dr1-catalog,arXiv-2506.03243v1/figures/specz-vs-photz.pdf,a86aea84b9aa2fe4969ba043fbdb09c744962e04b1d38f9946539a330bba91fc,392673,2026-08-15T08:00:37+00:00
/mnt/nvme01/cosmos-web-dr1-catalog,arXiv-2506.03243v1/figures/specz-vs-photz_vs_color.pdf,909cf703310ea1f6966c3fdb90ed2f628d8583876cf77036d78bb3605281f986,558030,2026-08-15T08:00:37+00:00
/mnt/nvme01/cosmos-web-dr1-catalog,arXiv-2506.03243v1/figures/star-separation.png,d882be46857cd2aa4863fa605b618b097eb559d376a405852c265cbd360113f5,406819,2026-08-15T08:00:37+00:00
/mnt/nvme01/cosmos-web-dr1-catalog,arXiv-2506.03243v1/figures/starmask_plot.pdf,589e7ad65363dbb3b94c0ddf14387d982800e9d4f7eda2c5672640c2c8ad4579,3816699,2026-08-15T08:00:37+00:00
/mnt/nvme01/cosmos-web-dr1-catalog,arXiv-2506.03243v1/figures/survey_footprint.pdf,1cfed49d3ae417b01e05848d94763b7866e1707cf991d0f7328a4758c923202e,162461,2026-08-15T08:00:37+00:00
/mnt/nvme01/cosmos-web-dr1-catalog,arXiv-2506.03243v1/figures/zphot_err_cumulative.pdf,88a69852f94ebabf1d7afe8aa0f12b1ad988de6ff0fae3602ddf5a0210683bc7,169344,2026-08-15T08:00:37+00:00
/mnt/nvme01/cosmos-web-dr1-catalog,detection_images/README.txt,a1a54f55687f8ec9d78b0fdec469e158ef7d719d161ad48e1cbb11ec04ca4dad,743,2024-07-03T17:15:05+00:00
/mnt/nvme01/cosmos-web-dr1-catalog,detection_images/detection_chi2pos_SWLW_A1.fits,853a216d9e2cdca44b83d2d9bf4852a3120118ced69b9916975e2a1d1899fd5f,1913097600,2024-06-22T01:48:41+00:00
/mnt/nvme01/cosmos-web-dr1-catalog,detection_images/detection_chi2pos_SWLW_A10.fits,c34dcf8aa79825c44eaf97651bd79202d40b8e432ba735396d2d5b5fda5ccf57,1913097600,2024-06-22T02:02:45+00:00
/mnt/nvme01/cosmos-web-dr1-catalog,detection_images/detection_chi2pos_SWLW_A2.fits,4d8b67f1cfd93a45528462fa58193cdc174a1c2c17854933d240c6085d76cc1d,1913097600,2024-06-22T01:50:14+00:00
/mnt/nvme01/cosmos-web-dr1-catalog,detection_images/detection_chi2pos_SWLW_A3.fits,2fe456b9d6198e5e2d38a86be5ef18e3289807ce0d606676c44f0f6443815614,1913097600,2024-06-22T01:51:46+00:00
/mnt/nvme01/cosmos-web-dr1-catalog,detection_images/detection_chi2pos_SWLW_A4.fits,30a9ad3f94e204e08897026b45f30823e6e4c065cb4e08e59424388eff7768a2,1913097600,2024-06-22T01:53:19+00:00
/mnt/nvme01/cosmos-web-dr1-catalog,detection_images/detection_chi2pos_SWLW_A5.fits,3ea97a07e756ccb90c6b77061025de956fa452edbffdd2c192f704278a592ec5,1913097600,2024-06-22T01:54:50+00:00
/mnt/nvme01/cosmos-web-dr1-catalog,detection_images/detection_chi2pos_SWLW_A6.fits,061b1606cdb2dfecce0d6f2972170c134b367da3352c86d9268d6d741cb3cae5,1913097600,2024-06-22T01:56:22+00:00
/mnt/nvme01/cosmos-web-dr1-catalog,detection_images/detection_chi2pos_SWLW_A7.fits,77920df5b1825854394110164bb7d09b83d1c9caac429170991bfa8e69b1755a,1913097600,2024-06-22T01:58:09+00:00
/mnt/nvme01/cosmos-web-dr1-catalog,detection_images/detection_chi2pos_SWLW_A8.fits,141a6bf9dea0753673be068503c06a890f7789c92c07221279e27199c574c509,1913097600,2024-06-22T01:59:41+00:00
/mnt/nvme01/cosmos-web-dr1-catalog,detection_images/detection_chi2pos_SWLW_A9.fits,832bcd5fbf97794072cf064972ec5aefbd8b7e3b3a804ac95c4367c41a4b1f68,1913097600,2024-06-22T02:01:14+00:00
/mnt/nvme01/cosmos-web-dr1-catalog,detection_images/detection_chi2pos_SWLW_B1.fits,d769a24c5a6709d2503786ab16443d44906b048f850ebf72aca491302db632a8,1913097600,2024-06-22T02:04:17+00:00
/mnt/nvme01/cosmos-web-dr1-catalog,detection_images/detection_chi2pos_SWLW_B10.fits,ae689733a330355dbd22707366d7418fed87e412e5293ff35a1cbd5a7ddd4873,1913097600,2024-06-22T02:18:08+00:00
/mnt/nvme01/cosmos-web-dr1-catalog,detection_images/detection_chi2pos_SWLW_B2.fits,98e203c3a7e704f96b6dad9d59c3668536cdbc9a696de0a356b42da7f0e7b071,1913097600,2024-06-22T02:05:50+00:00
/mnt/nvme01/cosmos-web-dr1-catalog,detection_images/detection_chi2pos_SWLW_B3.fits,e18c0eb2a24ace61412d0a9a51a0b06d337051189514fd3f00b983a1807fad6c,1913097600,2024-06-22T02:07:22+00:00
/mnt/nvme01/cosmos-web-dr1-catalog,detection_images/detection_chi2pos_SWLW_B4.fits,c6a416aec1ec990a12848eb2fd1ef1c930d326bc8a4ffa4471979b89e1988f94,1913097600,2024-06-22T02:08:54+00:00
/mnt/nvme01/cosmos-web-dr1-catalog,detection_images/detection_chi2pos_SWLW_B5.fits,ce525bd2bb1b3e43b599235e12922667874d4d73d39981c540c0f7f0ccbecaf8,1913097600,2024-06-22T02:10:25+00:00
/mnt/nvme01/cosmos-web-dr1-catalog,detection_images/detection_chi2pos_SWLW_B6.fits,71c840512e3b9e987df935f887810b4cbc5950bc5ed571642a393e003db47d60,1913097600,2024-06-22T02:11:57+00:00
/mnt/nvme01/cosmos-web-dr1-catalog,detection_images/detection_chi2pos_SWLW_B7.fits,81d7d7ba704831e85fbdfafcaac5b78fa5d695e040fa0c2dad1c11d353d633a9,1913097600,2024-06-22T02:13:31+00:00
/mnt/nvme01/cosmos-web-dr1-catalog,detection_images/detection_chi2pos_SWLW_B8.fits,8c00d6dce87480d33ac0e79b10e9d2a1a7d941f7257210b0483585fba41a0d40,1913097600,2024-06-22T02:15:04+00:00
/mnt/nvme01/cosmos-web-dr1-catalog,detection_images/detection_chi2pos_SWLW_B9.fits,1992306abdec322b753ee34bf640dc6b8153f0129c05c2362984c4be7f917cbc,1913097600,2024-06-22T02:16:37+00:00
/mnt/nvme01/cosmos-web-dr1-catalog,hatamnia-lss/hatamnia-lss-catalog.fits,c8944f0250e1fc59f8905d016f10ba1da484a2a2ea30f655cd436c99aeaa4829,289091520,2026-08-15T15:20:51+00:00
/mnt/nvme01/cosmos-web-dr1-catalog,hatamnia-lss/readme.txt,e40402a510cad8e3d7069de759514090a16602ea7eb5f46715d13d64d1487e97,6701,2026-01-14T16:16:00+00:00
/mnt/nvme01/cosmos-web-dr1-catalog,toni/groups.txt,c94a9ac4078b7078961712d263ad1c97e8e031aecab60324b1a10b3ce2b5521a,243453,2025-04-14T15:19:03+00:00
/mnt/nvme01/cosmos-web-dr1-catalog,toni/memberships.txt,c66b3a4657d0e152314efc8328fa59fe3d9f8fc7d15badac39ecdd15211fad77,69826118,2025-04-14T15:19:15+00:00
/opt/agents/repos/reference-files/speczcompilation,.gitattributes,b839af5d02fcfe2a8397e7818afd926952859e97162bee6ba620486e4fda5474,85,2026-08-15T10:53:52+00:00
/opt/agents/repos/reference-files/speczcompilation,.gitignore,c8aae33ce739c1f5e230d2377c26847a1d9a636ad9c4c4b6a2a3e0109b83f442,442,2026-08-15T10:53:52+00:00
/opt/agents/repos/reference-files/speczcompilation,README.md,1aee693918c3e8deb8ac9ce273468a37935987f53f2903eb47420dcfbfe90a23,8307,2026-08-15T10:53:52+00:00
/opt/agents/repos/reference-files/speczcompilation,sed_fitting/README.md,18a73bff600aafdaac56ed5925e060c4fa36d5dd735ef0b4449962804ae41419,863,2026-08-15T10:53:52+00:00
/opt/agents/repos/reference-files/speczcompilation,sed_fitting/lephare/README.md,017053b342ce4f24216b7346b269b8298277e7178bac8aa6d68e3b37e79a21ce,3800,2026-08-15T10:53:53+00:00
/opt/agents/repos/reference-files/speczcompilation,sed_fitting/lephare/lephare_results_specz_compilation_DR1.1.fits,5fac993cefdbdc6c76bb2178f49090712bc18b4d3fc3a06f869ea61ce636755e,133,2026-08-15T10:53:53+00:00
/opt/agents/repos/reference-files/speczcompilation,sed_fitting/cigale/README.md,84ff87361025c0f1feba473a784b053ea4461684bde70d4651383067ab8ad6fc,4905,2026-08-15T10:53:52+00:00
/opt/agents/repos/reference-files/speczcompilation,sed_fitting/cigale/cigale_results_specz_compilation_DR1.1.fits,91646a6059fded1da53966a85fb08144c3f25347d0d3f0780edb8b3c03c98152,134,2026-08-15T10:53:52+00:00
/opt/agents/repos/reference-files/speczcompilation,sed_fitting/cigale/zbin_4p00_9p00/cosmos_specz_compilation_for_cigale_4.00_z_9.00.txt,03d69edc02e3f02132245dc2afba13a02a4ca1a67e718fadbd861c5c4381ba3d,1617793,2026-08-15T10:53:53+00:00
/opt/agents/repos/reference-files/speczcompilation,sed_fitting/cigale/zbin_4p00_9p00/pcigale.ini,d3e3decfc0d58cf1f75a3ff1ecbe9ad9d1030bf64705c468c1894d678f947fbc,17853,2026-08-15T10:53:53+00:00
/opt/agents/repos/reference-files/speczcompilation,sed_fitting/cigale/zbin_4p00_9p00/pcigale.ini.spec,de17fac862ca8632d716cd5408fe4ddcdc031d1a3abbf462e0ef1fea288bdfc1,3014,2026-08-15T10:53:53+00:00
/opt/agents/repos/reference-files/speczcompilation,sed_fitting/cigale/zbin_0p75_1p00/cosmos_specz_compilation_for_cigale_0.75_z_1.00.txt,7960d6bb8404a732bfcd6c5a6348f53006d52e905df704aabed3ed740b98442a,27143205,2026-08-15T10:53:53+00:00
/opt/agents/repos/reference-files/speczcompilation,sed_fitting/cigale/zbin_0p75_1p00/pcigale.ini,d3ce86551abbd62f597b898f73e1c52641588a81c3212d0b03267dce2d6232fc,17887,2026-08-15T10:53:53+00:00
/opt/agents/repos/reference-files/speczcompilation,sed_fitting/cigale/zbin_0p75_1p00/pcigale.ini.spec,de17fac862ca8632d716cd5408fe4ddcdc031d1a3abbf462e0ef1fea288bdfc1,3014,2026-08-15T10:53:53+00:00
/opt/agents/repos/reference-files/speczcompilation,sed_fitting/cigale/zbin_3p00_3p50/cosmos_specz_compilation_for_cigale_3.00_z_3.50.txt,98d15a859f3e847ca0477ecfd0e3af675daa3467bced448b88681d4f0aa098b2,2153158,2026-08-15T10:53:53+00:00
/opt/agents/repos/reference-files/speczcompilation,sed_fitting/cigale/zbin_3p00_3p50/pcigale.ini,0db2592e259c8465c6d6567438abfba313679da34ad6d0b4ffce5e8991b3f806,17862,2026-08-15T10:53:53+00:00
/opt/agents/repos/reference-files/speczcompilation,sed_fitting/cigale/zbin_3p00_3p50/pcigale.ini.spec,de17fac862ca8632d716cd5408fe4ddcdc031d1a3abbf462e0ef1fea288bdfc1,3014,2026-08-15T10:53:53+00:00
/opt/agents/repos/reference-files/speczcompilation,sed_fitting/cigale/zbin_0p50_0p75/cosmos_specz_compilation_for_cigale_0.50_z_0.75.txt,de4d518da574223fcbc7a94ba4f12870e94afc687f2961d43ae00438c4fa737d,28703065,2026-08-15T10:53:53+00:00
/opt/agents/repos/reference-files/speczcompilation,sed_fitting/cigale/zbin_0p50_0p75/pcigale.ini,ad39aec53a6caff0eecd94663ca9382372f225270fb226585141a7f0942fcbae,17887,2026-08-15T10:53:53+00:00
/opt/agents/repos/reference-files/speczcompilation,sed_fitting/cigale/zbin_0p50_0p75/pcigale.ini.spec,de17fac862ca8632d716cd5408fe4ddcdc031d1a3abbf462e0ef1fea288bdfc1,3014,2026-08-15T10:53:53+00:00
/opt/agents/repos/reference-files/speczcompilation,sed_fitting/cigale/zbin_2p50_3p00/cosmos_specz_compilation_for_cigale_2.50_z_3.00.txt,272bb3cd76459d2edd0acc0b0755241dd3d6908f411bb9daeace02fb796d225a,3541617,2026-08-15T10:53:53+00:00
/opt/agents/repos/reference-files/speczcompilation,sed_fitting/cigale/zbin_2p50_3p00/pcigale.ini,756109ddf51ec481dcfc644301cbc80e07996cb9b160b688f3513ff1cecb3887,17869,2026-08-15T10:53:53+00:00
/opt/agents/repos/reference-files/speczcompilation,sed_fitting/cigale/zbin_2p50_3p00/pcigale.ini.spec,de17fac862ca8632d716cd5408fe4ddcdc031d1a3abbf462e0ef1fea288bdfc1,3014,2026-08-15T10:53:53+00:00
/opt/agents/repos/reference-files/speczcompilation,sed_fitting/cigale/zbin_0p00_0p25/cosmos_specz_compilation_for_cigale_0.00_z_0.25.txt,cdf0b3d48503a2f3197305fc748f99352ea18d526b916d6372e9a8b1cdedbec6,21898488,2026-08-15T10:53:53+00:00
/opt/agents/repos/reference-files/speczcompilation,sed_fitting/cigale/zbin_0p00_0p25/pcigale.ini,a0600f0f2f0b26e2c210411a8505f0bb070d82efb6ab949027ac9e22ff17bd9a,17899,2026-08-15T10:53:53+00:00
/opt/agents/repos/reference-files/speczcompilation,sed_fitting/cigale/zbin_0p00_0p25/pcigale.ini.spec,de17fac862ca8632d716cd5408fe4ddcdc031d1a3abbf462e0ef1fea288bdfc1,3014,2026-08-15T10:53:53+00:00
/opt/agents/repos/reference-files/speczcompilation,sed_fitting/cigale/zbin_1p00_1p50/cosmos_specz_compilation_for_cigale_1.00_z_1.50.txt,fe56fe1cac978cfb0834f51307e384b563fdccc69cc324f4ec6970ae97c46c99,25894787,2026-08-15T10:53:53+00:00
/opt/agents/repos/reference-files/speczcompilation,sed_fitting/cigale/zbin_1p00_1p50/pcigale.ini,49aed472335fdf4087c77ecafcc0aca256e0d52a42a9943936b5101e5cce527d,17877,2026-08-15T10:53:53+00:00
/opt/agents/repos/reference-files/speczcompilation,sed_fitting/cigale/zbin_1p00_1p50/pcigale.ini.spec,de17fac862ca8632d716cd5408fe4ddcdc031d1a3abbf462e0ef1fea288bdfc1,3014,2026-08-15T10:53:53+00:00
/opt/agents/repos/reference-files/speczcompilation,sed_fitting/cigale/zbin_2p00_2p50/cosmos_specz_compilation_for_cigale_2.00_z_2.50.txt,fab0b57e9d303f5ec3c40ba809aa4895bd951d4104e2af323215446a5166c70d,5247387,2026-08-15T10:53:53+00:00
/opt/agents/repos/reference-files/speczcompilation,sed_fitting/cigale/zbin_2p00_2p50/pcigale.ini,c9176a2e82309b7fc3b0cc5f7ab735f023944356616ad1717bc756501fcb8215,17866,2026-08-15T10:53:53+00:00
/opt/agents/repos/reference-files/speczcompilation,sed_fitting/cigale/zbin_2p00_2p50/pcigale.ini.spec,de17fac862ca8632d716cd5408fe4ddcdc031d1a3abbf462e0ef1fea288bdfc1,3014,2026-08-15T10:53:53+00:00
/opt/agents/repos/reference-files/speczcompilation,sed_fitting/cigale/zbin_1p50_2p00/cosmos_specz_compilation_for_cigale_1.50_z_2.00.txt,fdb26182b4cde192b9d87a2fc5b2a42cf6e5292d5f91b5f345dcf3866a411e52,9327537,2026-08-15T10:53:53+00:00
/opt/agents/repos/reference-files/speczcompilation,sed_fitting/cigale/zbin_1p50_2p00/pcigale.ini,f57576c33a90fa62f6e484375f14db1b7cdcbfd9fc78c651b835d4ad6dcc51d5,17869,2026-08-15T10:53:53+00:00
/opt/agents/repos/reference-files/speczcompilation,sed_fitting/cigale/zbin_1p50_2p00/pcigale.ini.spec,de17fac862ca8632d716cd5408fe4ddcdc031d1a3abbf462e0ef1fea288bdfc1,3014,2026-08-15T10:53:53+00:00
/opt/agents/repos/reference-files/speczcompilation,sed_fitting/cigale/zbin_3p50_4p00/cosmos_specz_compilation_for_cigale_3.50_z_4.00.txt,23df61cc1f28fa4d7f5fac32cacc9d2049734cebb528dd9a07d0d0cd97748fe5,941644,2026-08-15T10:53:53+00:00
/opt/agents/repos/reference-files/speczcompilation,sed_fitting/cigale/zbin_3p50_4p00/pcigale.ini,82fcfd5840e587e9f58e5d7c0dc2d594084096dbfe779fda8819908068384224,17860,2026-08-15T10:53:53+00:00
/opt/agents/repos/reference-files/speczcompilation,sed_fitting/cigale/zbin_3p50_4p00/pcigale.ini.spec,de17fac862ca8632d716cd5408fe4ddcdc031d1a3abbf462e0ef1fea288bdfc1,3014,2026-08-15T10:53:53+00:00
/opt/agents/repos/reference-files/speczcompilation,sed_fitting/cigale/zbin_0p25_0p50/cosmos_specz_compilation_for_cigale_0.25_z_0.50.txt,08f7305311ac622a1236bd5ade698718a4e241e8e2d6106f3fc136cb047be4e0,29808481,2026-08-15T10:53:53+00:00
/opt/agents/repos/reference-files/speczcompilation,sed_fitting/cigale/zbin_0p25_0p50/pcigale.ini,93cc619e3ba9bd53c4ca77df4c684dc918a2ba5db9db231dc7fc7589e41c8629,17903,2026-08-15T10:53:53+00:00
/opt/agents/repos/reference-files/speczcompilation,sed_fitting/cigale/zbin_0p25_0p50/pcigale.ini.spec,de17fac862ca8632d716cd5408fe4ddcdc031d1a3abbf462e0ef1fea288bdfc1,3014,2026-08-15T10:53:53+00:00
/opt/agents/repos/reference-files/speczcompilation,examples/query_compilation.ipynb,f1e9412f5958e983385efcc8de66ecd9e65f1bcd84b18f97d3db9e78c7036a64,64845,2026-08-15T10:53:52+00:00
/opt/agents/repos/reference-files/speczcompilation,examples/visualizing_LSS.ipynb,cf739a06604b3c29fe455beab36be2379b5f9860926a2ae5d04050cd7285b59c,7353313,2026-08-15T10:53:52+00:00
/opt/agents/repos/reference-files/speczcompilation,.git/HEAD,28d25bf82af4c0e2b72f50959b2beb859e3e60b9630a5e8c603dad4ddb2b6e80,21,2026-08-15T10:53:52+00:00
/opt/agents/repos/reference-files/speczcompilation,.git/config,450b05b89c9ab3d09e02ca0ad0e58c314305dba0871678f95b08a66c9e216421,305,2026-08-15T10:55:06+00:00
/opt/agents/repos/reference-files/speczcompilation,.git/description,85ab6c163d43a17ea9cf7788308bca1466f1b0a8d1cc92e26e9bf63da4062aee,73,2026-08-15T10:52:15+00:00
/opt/agents/repos/reference-files/speczcompilation,.git/index,96dd8e33e11ed1144216a78ff8d7f0a004d416a2f04b7290073fad6da091f93a,6930,2026-08-15T10:53:53+00:00
/opt/agents/repos/reference-files/speczcompilation,.git/packed-refs,ac74bcf4f6fcd1610aabfbf7b40d5f6f1bd7f362a31b679f3bbcd4ec1a684348,295,2026-08-15T10:53:52+00:00
/opt/agents/repos/reference-files/speczcompilation,.git/hooks/applypatch-msg.sample,0223497a0b8b033aa58a3a521b8629869386cf7ab0e2f101963d328aa62193f7,478,2026-08-15T10:52:15+00:00
/opt/agents/repos/reference-files/speczcompilation,.git/hooks/commit-msg.sample,1f74d5e9292979b573ebd59741d46cb93ff391acdd083d340b94370753d92437,896,2026-08-15T10:52:15+00:00
/opt/agents/repos/reference-files/speczcompilation,.git/hooks/fsmonitor-watchman.sample,e0549964e93897b519bd8e333c037e51fff0f88ba13e086a331592bf801fa1d0,4726,2026-08-15T10:52:15+00:00
/opt/agents/repos/reference-files/speczcompilation,.git/hooks/post-update.sample,81765af2daef323061dcbc5e61fc16481cb74b3bac9ad8a174b186523586f6c5,189,2026-08-15T10:52:15+00:00
/opt/agents/repos/reference-files/speczcompilation,.git/hooks/pre-applypatch.sample,e15c5b469ea3e0a695bea6f2c82bcf8e62821074939ddd85b77e0007ff165475,424,2026-08-15T10:52:15+00:00
/opt/agents/repos/reference-files/speczcompilation,.git/hooks/pre-commit.sample,f9af7d95eb1231ecf2eba9770fedfa8d4797a12b02d7240e98d568201251244a,1643,2026-08-15T10:52:15+00:00
/opt/agents/repos/reference-files/speczcompilation,.git/hooks/pre-merge-commit.sample,d3825a70337940ebbd0a5c072984e13245920cdf8898bd225c8d27a6dfc9cb53,416,2026-08-15T10:52:15+00:00
/opt/agents/repos/reference-files/speczcompilation,.git/hooks/pre-push.sample,ecce9c7e04d3f5dd9d8ada81753dd1d549a9634b26770042b58dda00217d086a,1374,2026-08-15T10:52:15+00:00
/opt/agents/repos/reference-files/speczcompilation,.git/hooks/pre-rebase.sample,4febce867790052338076f4e66cc47efb14879d18097d1d61c8261859eaaa7b3,4898,2026-08-15T10:52:15+00:00
/opt/agents/repos/reference-files/speczcompilation,.git/hooks/pre-receive.sample,a4c3d2b9c7bb3fd8d1441c31bd4ee71a595d66b44fcf49ddb310252320169989,544,2026-08-15T10:52:15+00:00
/opt/agents/repos/reference-files/speczcompilation,.git/hooks/prepare-commit-msg.sample,e9ddcaa4189fddd25ed97fc8c789eca7b6ca16390b2392ae3276f0c8e1aa4619,1492,2026-08-15T10:52:15+00:00
/opt/agents/repos/reference-files/speczcompilation,.git/hooks/push-to-checkout.sample,a53d0741798b287c6dd7afa64aee473f305e65d3f49463bb9d7408ec3b12bf5f,2783,2026-08-15T10:52:15+00:00
/opt/agents/repos/reference-files/speczcompilation,.git/hooks/sendemail-validate.sample,44ebfc923dc5466bc009602f0ecf067b9c65459abfe8868ddc49b78e6ced7a92,2308,2026-08-15T10:52:15+00:00
/opt/agents/repos/reference-files/speczcompilation,.git/hooks/update.sample,8d5f2fa83e103cf08b57eaa67521df9194f45cbdbcb37da52ad586097a14d106,3650,2026-08-15T10:52:15+00:00
/opt/agents/repos/reference-files/speczcompilation,.git/objects/pack/pack-8d499080e0b1c6f0a6b0a872f3d4f927b9afa407.idx,51fad3afbad91aa6182ee490c7f2dea575f62ccd2be6ef63ddc013067b860925,7932,2026-08-15T10:53:52+00:00
/opt/agents/repos/reference-files/speczcompilation,.git/objects/pack/pack-8d499080e0b1c6f0a6b0a872f3d4f927b9afa407.pack,e805c849d24fd7431e1ff3f493cf0812e7b5c18d6c14c572a7c2d3958d61e565,81054365,2026-08-15T10:53:52+00:00
/opt/agents/repos/reference-files/speczcompilation,.git/objects/pack/pack-8d499080e0b1c6f0a6b0a872f3d4f927b9afa407.rev,1d937448f925bcbafc14ea0b01eebf5c31e6e8fcc139404a9eb3ef24e5929e07,1032,2026-08-15T10:53:52+00:00
/opt/agents/repos/reference-files/speczcompilation,.git/logs/HEAD,e285976adbeba18d7eef3b4a60f321ac55caf2442ea7dc640f90c7d23b71c21c,205,2026-08-15T10:53:52+00:00
/opt/agents/repos/reference-files/speczcompilation,.git/logs/refs/remotes/origin/HEAD,e285976adbeba18d7eef3b4a60f321ac55caf2442ea7dc640f90c7d23b71c21c,205,2026-08-15T10:53:52+00:00
/opt/agents/repos/reference-files/speczcompilation,.git/logs/refs/heads/main,e285976adbeba18d7eef3b4a60f321ac55caf2442ea7dc640f90c7d23b71c21c,205,2026-08-15T10:53:52+00:00
/opt/agents/repos/reference-files/speczcompilation,.git/refs/remotes/origin/HEAD,2bb6a24aa0fc6c484100f5d51a29bbad841cd2c755f5d93faa204e5dbb4eb2b4,30,2026-08-15T10:53:52+00:00
/opt/agents/repos/reference-files/speczcompilation,.git/refs/heads/main,686be99a92b45c7af3046bcacaac2fc19cd41be2ca076e5eeaae389c2c6a72a2,41,2026-08-15T10:53:52+00:00
/opt/agents/repos/reference-files/speczcompilation,.git/info/exclude,6671fe83b7a07c8932ee89164d1f2793b2318058eb8b98dc5c06ee0a5a3b0ec1,240,2026-08-15T10:52:15+00:00
/opt/agents/repos/reference-files/speczcompilation,.git/gk/config,bea60be8f1c62825c9899b596a53f03f448c52d78c9641ffcc5fc1ba98885ffe,61,2026-08-15T10:58:36+00:00
/opt/agents/repos/reference-files/speczcompilation,specz_compilation/README.md,43992cf6a30d5893d9421dd1d0b837e1f8dc4975a92e8372ba8cb3b7be78d0c1,30132,2026-08-15T10:53:53+00:00
/opt/agents/repos/reference-files/speczcompilation,specz_compilation/specz_compilation_COSMOS_DR1.1_all.fits,c9d4b1fe93583db5ae9f01863423d690462bcc479495a6f600412d27021d8e88,134,2026-08-15T10:53:53+00:00
/opt/agents/repos/reference-files/speczcompilation,specz_compilation/specz_compilation_COSMOS_DR1.1_surveys.list,20730205384e2a380d6e87684b030098cd5c681d1e2aec8c5990459700b8a84c,13977,2026-08-15T10:53:53+00:00
/opt/agents/repos/reference-files/speczcompilation,specz_compilation/specz_compilation_COSMOS_DR1.1_unique.fits,381f0d13e10233c2fd246402759e8afa77c786c070f963ab27a73973616608ac,133,2026-08-15T10:53:53+00:00
/opt/agents/repos/reference-files/speczcompilation,soms/trained_som_highz_i_band_26.0_magnitude_limit.pkl,6f6cb554b9f323e49a85eae4b8e44a9e2b4d41937b9f136a5cfeac95a8c6f537,133,2026-08-15T10:53:53+00:00
/opt/agents/repos/reference-files/speczcompilation,soms/trained_som_lowz_i_band_26.0_magnitude_limit.pkl,0856c02e4c405b582e5c68e236b2f273d35500d1a066685d94cbfd4535dbdd2c,134,2026-08-15T10:53:53+00:00
/opt/agents/repos/reference-files/speczcompilation,soms/trained_som_midz_i_band_26.0_magnitude_limit.pkl,83768dc0f9841e534eb67d42432c0da77d4d818ec73656391861a0f78754e9ec,134,2026-08-15T10:53:53+00:00
/opt/agents/repos/reference-files/speczcompilation,logo/cosmos-logo-dark.png,c689d64ecb77fd9dddc70bd3e5ed6008fa42c94a195246ca68600d33c5b55e61,10859,2026-08-15T10:53:52+00:00
/opt/agents/repos/reference-files/speczcompilation,logo/cosmos-logo-light.png,b076b0c505b2771c265929634e5c5163401628b834a1eae8feac148445c97431,10064,2026-08-15T10:53:52+00:00
